1,+55 (69) 2805-9179,Hirondino Moschon,Team Designers and Associates,nonrefutation1971@outlook.com,117,Acorizal,Amapá,2005-11-02 04:50:00
2,+55-91 4707-4967,Africano Rochite,Mission G,admissible2028@outlook.com,239,Passa e Fica,Mato Grosso do Sul,2028-04-11 23:22:00
3,+55 (20) 9101-1473,Cipora Matielo,Westinghouse Digital LLC,exertion1828@yandex.com,216,Bombinhas,Mato Grosso,2017-11-30 15:48:00
4,+55-21 0978-7433,Vladimiro Luciano,TV Cultura,bosset2061@live.com,107,Bacabeira,Acre,2030-01-11 18:45:00
5,+55-21 8523-0425,Gonçalo Miller,Eden Lawn Service,flabbiest1837@live.com,183,Verdelândia,Paraíba,2035-12-06 11:54:00
6,(24) 1261-9939,Mauro Chaves,Alienware,danie1913@yandex.com,86,Paulistânia,Maranhão,2019-05-28 14:13:00
7,(89) 0520-1499,Quiliano Dell'Antonia,Balanced Fortune,clamorous1821@gmail.com,9,Boa Vista do Ramos,Tocantins,2010-05-08 14:04:00
8,+55 (82) 3243-8005,Helda Gomes,Yum! Brands Inc.,exorcise1946@outlook.com,139,Mesquita,Espírito Santo,2030-11-25 17:39:00
9,+55 (94) 6569-1753,Reis Langrin,Supervalu,downstreet2016@gmail.com,20,Careaçu,Bahia,2018-08-14 18:28:00
10,(60) 0842-8662,Telmo Zanchetin,Walt Disney Company,goose1972@outlook.com,239,Cássia,Maranhão,2015-03-10 19:15:00
